WESA_S037_N1S_MLready,WESA_S027_N1S_MLready,WESA_S011_N7S_MLready,WESA_S015_N4S_MLready,WESA_S008_N4S_MLready,WESA_S043_N2S_MLready,WESA_S027_N1S_MLready,WESA_S032_N1S_MLready,WESA_S021_N1S_MLready,WESA_S006_N11S_MLready,WESA_S011_N7S_MLready,WESA_S005_N3S_MLready,WESA_S029_N1S_MLready,WESA_S016_N7S_MLready,WESA_S011_N7S_MLready,WESA_S005_N3S_MLready
WESA_S037_N2S_MLready,WESA_S027_N2S_MLready,WESA_S011_N3S_MLready,WESA_S015_N1S_MLready,WESA_S008_N14S_MLready,WESA_S043_N1S_MLready,WESA_S027_N2S_MLready,WESA_S032_N2S_MLready,WESA_S021_N2S_MLready,WESA_S006_N6S_MLready,WESA_S011_N3S_MLready,WESA_S005_N6S_MLready,WESA_S029_N2S_MLready,WESA_S016_N1S_MLready,WESA_S011_N3S_MLready,WESA_S005_N6S_MLready
WESA_S029_N1S_MLready,WESA_S040_N2S_MLready,WESA_S011_N4S_MLready,WESA_S015_N2S_MLready,WESA_S008_N7S_MLready,WESA_S004_N5S_MLready,WESA_S005_N3S_MLready,WESA_S021_N1S_MLready,WESA_S008_N4S_MLready,WESA_S006_N4S_MLready,WESA_S011_N4S_MLready,WESA_S005_N1S_MLready,WESA_S041_N2S_MLready,WESA_S016_N10S_MLready,WESA_S011_N4S_MLready,WESA_S005_N1S_MLready
WESA_S029_N2S_MLready,WESA_S040_N1S_MLready,WESA_S011_N12S_MLready,WESA_S015_N14S_MLready,WESA_S008_N3S_MLready,WESA_S004_N14S_MLready,WESA_S005_N6S_MLready,WESA_S021_N2S_MLready,WESA_S008_N14S_MLready,WESA_S006_N13S_MLready,WESA_S011_N12S_MLready,WESA_S005_N10S_MLready,WESA_S041_N1S_MLready,WESA_S016_N09S_MLready,WESA_S011_N12S_MLready,WESA_S005_N10S_MLready
WESA_S043_N2S_MLready,WESA_S015_N4S_MLready,WESA_S027_N1S_MLready,WESA_S015_N06S_MLready,WESA_S008_N10S_MLready,WESA_S004_N1S_MLready,WESA_S005_N1S_MLready,WESA_S011_N7S_MLready,WESA_S008_N7S_MLready,WESA_S006_N2S_MLready,WESA_S027_N1S_MLready,WESA_S005_N5S_MLready,WESA_S015_N4S_MLready,WESA_S016_N5S_MLready,WESA_S032_N1S_MLready,WESA_S005_N5S_MLready
WESA_S043_N1S_MLready,WESA_S015_N1S_MLready,WESA_S027_N2S_MLready,WESA_S015_N9S_MLready,WESA_S008_N1S_MLready,WESA_S004_N8S_MLready,WESA_S005_N10S_MLready,WESA_S011_N3S_MLready,WESA_S008_N3S_MLready,WESA_S021_N1S_MLready,WESA_S027_N2S_MLready,WESA_S005_N12S_MLready,WESA_S015_N1S_MLready,WESA_S016_N13S_MLready,WESA_S032_N2S_MLready,WESA_S005_N12S_MLready
WESA_S021_N1S_MLready,WESA_S015_N2S_MLready,WESA_S005_N3S_MLready,WESA_S037_N1S_MLready,WESA_S016_N7S_MLready,WESA_S004_N3S_MLready,WESA_S005_N5S_MLready,WESA_S011_N4S_MLready,WESA_S008_N10S_MLready,WESA_S021_N2S_MLready,WESA_S042_N1S_MLready,WESA_S032_N1S_MLready,WESA_S015_N2S_MLready,WESA_S043_N2S_MLready,WESA_S006_N11S_MLready,WESA_S006_N11S_MLready
WESA_S021_N2S_MLready,WESA_S015_N14S_MLready,WESA_S005_N6S_MLready,WESA_S037_N2S_MLready,WESA_S016_N1S_MLready,WESA_S021_N1S_MLready,WESA_S005_N12S_MLready,WESA_S011_N12S_MLready,WESA_S008_N1S_MLready,WESA_S040_N2S_MLready,WESA_S042_N2S_MLready,WESA_S032_N2S_MLready,WESA_S015_N14S_MLready,WESA_S043_N1S_MLready,WESA_S006_N6S_MLready,WESA_S006_N6S_MLready
WESA_S016_N7S_MLready,WESA_S015_N06S_MLready,WESA_S005_N1S_MLready,WESA_S005_N3S_MLready,WESA_S016_N10S_MLready,WESA_S021_N2S_MLready,WESA_S008_N4S_MLready,WESA_S040_N2S_MLready,WESA_S043_N2S_MLready,WESA_S040_N1S_MLready,WESA_S021_N1S_MLready,WESA_S043_N2S_MLready,WESA_S015_N06S_MLready,WESA_S011_N7S_MLready,WESA_S006_N4S_MLready,WESA_S006_N4S_MLready
WESA_S016_N1S_MLready,WESA_S015_N9S_MLready,WESA_S005_N10S_MLready,WESA_S005_N6S_MLready,WESA_S016_N09S_MLready,WESA_S032_N1S_MLready,WESA_S008_N14S_MLready,WESA_S040_N1S_MLready,WESA_S043_N1S_MLready,WESA_S015_N4S_MLready,WESA_S021_N2S_MLready,WESA_S043_N1S_MLready,WESA_S015_N9S_MLready,WESA_S011_N3S_MLready,WESA_S006_N13S_MLready,WESA_S006_N13S_MLready
WESA_S016_N10S_MLready,WESA_S006_N11S_MLready,WESA_S005_N5S_MLready,WESA_S005_N1S_MLready,WESA_S016_N5S_MLready,WESA_S032_N2S_MLready,WESA_S008_N7S_MLready,WESA_S016_N7S_MLready,WESA_S037_N1S_MLready,WESA_S015_N1S_MLready,WESA_S015_N4S_MLready,WESA_S016_N7S_MLready,WESA_S011_N7S_MLready,WESA_S011_N4S_MLready,WESA_S006_N2S_MLready,WESA_S006_N2S_MLready
WESA_S016_N09S_MLready,WESA_S006_N6S_MLready,WESA_S005_N12S_MLready,WESA_S005_N10S_MLready,WESA_S016_N13S_MLready,WESA_S015_N4S_MLready,WESA_S008_N3S_MLready,WESA_S016_N1S_MLready,WESA_S037_N2S_MLready,WESA_S015_N2S_MLready,WESA_S015_N1S_MLready,WESA_S016_N1S_MLready,WESA_S011_N3S_MLready,WESA_S011_N12S_MLready,WESA_S008_N4S_MLready,WESA_S021_N1S_MLready
WESA_S016_N5S_MLready,WESA_S006_N4S_MLready,WESA_S032_N1S_MLready,WESA_S005_N5S_MLready,WESA_S040_N2S_MLready,WESA_S015_N1S_MLready,WESA_S008_N10S_MLready,WESA_S016_N10S_MLready,WESA_S040_N2S_MLready,WESA_S015_N14S_MLready,WESA_S015_N2S_MLready,WESA_S016_N10S_MLready,WESA_S011_N4S_MLready,WESA_S037_N1S_MLready,WESA_S008_N14S_MLready,WESA_S021_N2S_MLready
WESA_S016_N13S_MLready,WESA_S006_N13S_MLready,WESA_S032_N2S_MLready,WESA_S005_N12S_MLready,WESA_S040_N1S_MLready,WESA_S015_N2S_MLready,WESA_S008_N1S_MLready,WESA_S016_N09S_MLready,WESA_S040_N1S_MLready,WESA_S015_N06S_MLready,WESA_S015_N14S_MLready,WESA_S016_N09S_MLready,WESA_S011_N12S_MLready,WESA_S037_N2S_MLready,WESA_S008_N7S_MLready,WESA_S004_N5S_MLready
WESA_S015_N4S_MLready,WESA_S006_N2S_MLready,WESA_S042_N1S_MLready,WESA_S041_N2S_MLready,WESA_S011_N7S_MLready,WESA_S015_N14S_MLready,WESA_S029_N1S_MLready,WESA_S016_N5S_MLready,WESA_S006_N11S_MLready,WESA_S015_N9S_MLready,WESA_S015_N06S_MLready,WESA_S016_N5S_MLready,WESA_S021_N1S_MLready,WESA_S040_N2S_MLready,WESA_S008_N3S_MLready,WESA_S004_N14S_MLready
WESA_S015_N1S_MLready,WESA_S037_N1S_MLready,WESA_S042_N2S_MLready,WESA_S041_N1S_MLready,WESA_S011_N3S_MLready,WESA_S015_N06S_MLready,WESA_S029_N2S_MLready,WESA_S016_N13S_MLready,WESA_S006_N6S_MLready,WESA_S032_N1S_MLready,WESA_S015_N9S_MLready,WESA_S016_N13S_MLready,WESA_S021_N2S_MLready,WESA_S040_N1S_MLready,WESA_S008_N10S_MLready,WESA_S004_N1S_MLready
WESA_S015_N2S_MLready,WESA_S037_N2S_MLready,WESA_S043_N2S_MLready,WESA_S008_N4S_MLready,WESA_S011_N4S_MLready,WESA_S015_N9S_MLready,WESA_S042_N1S_MLready,WESA_S015_N4S_MLready,WESA_S006_N4S_MLready,WESA_S032_N2S_MLready,WESA_S016_N7S_MLready,WESA_S041_N2S_MLready,WESA_S006_N11S_MLready,WESA_S042_N1S_MLready,WESA_S008_N1S_MLready,WESA_S004_N8S_MLready
WESA_S015_N14S_MLready,WESA_S043_N2S_MLready,WESA_S043_N1S_MLready,WESA_S008_N14S_MLready,WESA_S011_N12S_MLready,WESA_S041_N2S_MLready,WESA_S042_N2S_MLready,WESA_S015_N1S_MLready,WESA_S006_N13S_MLready,WESA_S041_N2S_MLready,WESA_S016_N1S_MLready,WESA_S041_N1S_MLready,WESA_S006_N6S_MLready,WESA_S042_N2S_MLready,WESA_S021_N1S_MLready,WESA_S004_N3S_MLready
WESA_S015_N06S_MLready,WESA_S043_N1S_MLready,WESA_S015_N4S_MLready,WESA_S008_N7S_MLready,WESA_S005_N3S_MLready,WESA_S041_N1S_MLready,WESA_S032_N1S_MLready,WESA_S015_N2S_MLready,WESA_S006_N2S_MLready,WESA_S041_N1S_MLready,WESA_S016_N10S_MLready,WESA_S015_N4S_MLready,WESA_S006_N4S_MLready,WESA_S015_N4S_MLready,WESA_S021_N2S_MLready,WESA_S042_N1S_MLready
WESA_S015_N9S_MLready,WESA_S008_N4S_MLready,WESA_S015_N1S_MLready,WESA_S008_N3S_MLready,WESA_S005_N6S_MLready,WESA_S040_N2S_MLready,WESA_S032_N2S_MLready,WESA_S015_N14S_MLready,WESA_S004_N5S_MLready,WESA_S004_N5S_MLready,WESA_S016_N09S_MLready,WESA_S015_N1S_MLready,WESA_S006_N13S_MLready,WESA_S015_N1S_MLready,WESA_S015_N4S_MLready,WESA_S042_N2S_MLready
WESA_S011_N7S_MLready,WESA_S008_N14S_MLready,WESA_S015_N2S_MLready,WESA_S008_N10S_MLready,WESA_S005_N1S_MLready,WESA_S040_N1S_MLready,WESA_S043_N2S_MLready,WESA_S015_N06S_MLready,WESA_S004_N14S_MLready,WESA_S004_N14S_MLready,WESA_S016_N5S_MLready,WESA_S015_N2S_MLready,WESA_S006_N2S_MLready,WESA_S015_N2S_MLready,WESA_S015_N1S_MLready,WESA_S040_N2S_MLready
WESA_S011_N3S_MLready,WESA_S008_N7S_MLready,WESA_S015_N14S_MLready,WESA_S008_N1S_MLready,WESA_S005_N10S_MLready,WESA_S011_N7S_MLready,WESA_S043_N1S_MLready,WESA_S015_N9S_MLready,WESA_S004_N1S_MLready,WESA_S004_N1S_MLready,WESA_S016_N13S_MLready,WESA_S015_N14S_MLready,WESA_S016_N7S_MLready,WESA_S015_N14S_MLready,WESA_S015_N2S_MLready,WESA_S040_N1S_MLready
WESA_S011_N4S_MLready,WESA_S008_N3S_MLready,WESA_S015_N06S_MLready,WESA_S011_N7S_MLready,WESA_S005_N5S_MLready,WESA_S011_N3S_MLready,WESA_S006_N11S_MLready,WESA_S042_N1S_MLready,WESA_S004_N8S_MLready,WESA_S004_N8S_MLready,WESA_S004_N5S_MLready,WESA_S015_N06S_MLready,WESA_S016_N1S_MLready,WESA_S015_N06S_MLready,WESA_S015_N14S_MLready,WESA_S037_N1S_MLready
WESA_S011_N12S_MLready,WESA_S008_N10S_MLready,WESA_S015_N9S_MLready,WESA_S011_N3S_MLready,WESA_S005_N12S_MLready,WESA_S011_N4S_MLready,WESA_S006_N6S_MLready,WESA_S042_N2S_MLready,WESA_S004_N3S_MLready,WESA_S004_N3S_MLready,WESA_S004_N14S_MLready,WESA_S015_N9S_MLready,WESA_S016_N10S_MLready,WESA_S015_N9S_MLready,WESA_S015_N06S_MLready,WESA_S037_N2S_MLready
WESA_S042_N1S_MLready,WESA_S008_N1S_MLready,WESA_S037_N1S_MLready,WESA_S011_N4S_MLready,WESA_S041_N2S_MLready,WESA_S011_N12S_MLready,WESA_S006_N4S_MLready,WESA_S008_N4S_MLready,WESA_S029_N1S_MLready,WESA_S029_N1S_MLready,WESA_S004_N1S_MLready,WESA_S008_N4S_MLready,WESA_S016_N09S_MLready,WESA_S027_N1S_MLready,WESA_S015_N9S_MLready,WESA_S041_N2S_MLready
WESA_S042_N2S_MLready,WESA_S021_N1S_MLready,WESA_S037_N2S_MLready,WESA_S011_N12S_MLready,WESA_S041_N1S_MLready,WESA_S005_N3S_MLready,WESA_S006_N13S_MLready,WESA_S008_N14S_MLready,WESA_S029_N2S_MLready,WESA_S029_N2S_MLready,WESA_S004_N8S_MLready,WESA_S008_N14S_MLready,WESA_S016_N5S_MLready,WESA_S027_N2S_MLready,WESA_S043_N2S_MLready,WESA_S041_N1S_MLready
WESA_S032_N1S_MLready,WESA_S021_N2S_MLready,WESA_S008_N4S_MLready,WESA_S043_N2S_MLready,WESA_S027_N1S_MLready,WESA_S005_N6S_MLready,WESA_S006_N2S_MLready,WESA_S008_N7S_MLready,WESA_S042_N1S_MLready,WESA_S011_N7S_MLready,WESA_S004_N3S_MLready,WESA_S008_N7S_MLready,WESA_S016_N13S_MLready,WESA_S029_N1S_MLready,WESA_S043_N1S_MLready,WESA_S032_N1S_MLready
WESA_S032_N2S_MLready,WESA_S041_N2S_MLready,WESA_S008_N14S_MLready,WESA_S043_N1S_MLready,WESA_S027_N2S_MLready,WESA_S005_N1S_MLready,WESA_S040_N2S_MLready,WESA_S008_N3S_MLready,WESA_S042_N2S_MLready,WESA_S011_N3S_MLready,WESA_S006_N11S_MLready,WESA_S008_N3S_MLready,WESA_S032_N1S_MLready,WESA_S029_N2S_MLready,WESA_S037_N1S_MLready,WESA_S032_N2S_MLready
WESA_S004_N5S_MLready,WESA_S041_N1S_MLready,WESA_S008_N7S_MLready,WESA_S027_N1S_MLready,WESA_S006_N11S_MLready,WESA_S005_N10S_MLready,WESA_S040_N1S_MLready,WESA_S008_N10S_MLready,WESA_S027_N1S_MLready,WESA_S011_N4S_MLready,WESA_S006_N6S_MLready,WESA_S008_N10S_MLready,WESA_S032_N2S_MLready,WESA_S004_N5S_MLready,WESA_S037_N2S_MLready,WESA_S043_N2S_MLready
WESA_S004_N14S_MLready,WESA_S005_N3S_MLready,WESA_S008_N3S_MLready,WESA_S027_N2S_MLready,WESA_S006_N6S_MLready,WESA_S005_N5S_MLready,WESA_S021_N1S_MLready,WESA_S008_N1S_MLready,WESA_S027_N2S_MLready,WESA_S011_N12S_MLready,WESA_S006_N4S_MLready,WESA_S008_N1S_MLready,WESA_S005_N3S_MLready,WESA_S004_N14S_MLready,WESA_S005_N3S_MLready,WESA_S043_N1S_MLready
WESA_S004_N1S_MLready,WESA_S005_N6S_MLready,WESA_S008_N10S_MLready,WESA_S032_N1S_MLready,WESA_S006_N4S_MLready,WESA_S005_N12S_MLready,WESA_S021_N2S_MLready,WESA_S004_N5S_MLready,WESA_S016_N7S_MLready,WESA_S037_N1S_MLready,WESA_S006_N13S_MLready,WESA_S040_N2S_MLready,WESA_S005_N6S_MLready,WESA_S004_N1S_MLready,WESA_S005_N6S_MLready,WESA_S029_N1S_MLready
WESA_S004_N8S_MLready,WESA_S005_N1S_MLready,WESA_S008_N1S_MLready,WESA_S032_N2S_MLready,WESA_S006_N13S_MLready,WESA_S008_N4S_MLready,WESA_S037_N1S_MLready,WESA_S004_N14S_MLready,WESA_S016_N1S_MLready,WESA_S037_N2S_MLready,WESA_S006_N2S_MLready,WESA_S040_N1S_MLready,WESA_S005_N1S_MLready,WESA_S004_N8S_MLready,WESA_S005_N1S_MLready,WESA_S029_N2S_MLready
WESA_S004_N3S_MLready,WESA_S005_N10S_MLready,WESA_S016_N7S_MLready,WESA_S042_N1S_MLready,WESA_S006_N2S_MLready,WESA_S008_N14S_MLready,WESA_S037_N2S_MLready,WESA_S004_N1S_MLready,WESA_S016_N10S_MLready,WESA_S042_N1S_MLready,WESA_S043_N2S_MLready,WESA_S004_N5S_MLready,WESA_S005_N10S_MLready,WESA_S004_N3S_MLready,WESA_S005_N10S_MLready,WESA_S011_N7S_MLready
WESA_S041_N2S_MLready,WESA_S005_N5S_MLready,WESA_S016_N1S_MLready,WESA_S042_N2S_MLready,WESA_S032_N1S_MLready,WESA_S008_N7S_MLready,WESA_S041_N2S_MLready,WESA_S004_N8S_MLready,WESA_S016_N09S_MLready,WESA_S042_N2S_MLready,WESA_S043_N1S_MLready,WESA_S004_N14S_MLready,WESA_S005_N5S_MLready,WESA_S041_N2S_MLready,WESA_S005_N5S_MLready,WESA_S011_N3S_MLready
WESA_S041_N1S_MLready,WESA_S005_N12S_MLready,WESA_S016_N10S_MLready,WESA_S006_N11S_MLready,WESA_S032_N2S_MLready,WESA_S008_N3S_MLready,WESA_S041_N1S_MLready,WESA_S004_N3S_MLready,WESA_S016_N5S_MLready,WESA_S043_N2S_MLready,WESA_S005_N3S_MLready,WESA_S004_N1S_MLready,WESA_S005_N12S_MLready,WESA_S041_N1S_MLready,WESA_S005_N12S_MLready,WESA_S011_N4S_MLready
WESA_S027_N1S_MLready,WESA_S042_N1S_MLready,WESA_S016_N09S_MLready,WESA_S006_N6S_MLready,WESA_S043_N2S_MLready,WESA_S008_N10S_MLready,WESA_S004_N5S_MLready,WESA_S043_N2S_MLready,WESA_S016_N13S_MLready,WESA_S043_N1S_MLready,WESA_S005_N6S_MLready,WESA_S004_N8S_MLready,WESA_S040_N2S_MLready,WESA_S021_N1S_MLready,WESA_S042_N1S_MLready,WESA_S011_N12S_MLready
WESA_S027_N2S_MLready,WESA_S042_N2S_MLready,WESA_S016_N5S_MLready,WESA_S006_N4S_MLready,WESA_S043_N1S_MLready,WESA_S008_N1S_MLready,WESA_S004_N14S_MLready,WESA_S043_N1S_MLready,WESA_S015_N4S_MLready,WESA_S016_N7S_MLready,WESA_S005_N1S_MLready,WESA_S004_N3S_MLready,WESA_S040_N1S_MLready,WESA_S021_N2S_MLready,WESA_S042_N2S_MLready,WESA_S016_N7S_MLready
WESA_S008_N4S_MLready,WESA_S029_N1S_MLready,WESA_S016_N13S_MLready,WESA_S006_N13S_MLready,WESA_S015_N4S_MLready,WESA_S016_N7S_MLready,WESA_S004_N1S_MLready,WESA_S037_N1S_MLready,WESA_S015_N1S_MLready,WESA_S016_N1S_MLready,WESA_S005_N10S_MLready,WESA_S042_N1S_MLready,WESA_S037_N1S_MLready,WESA_S005_N3S_MLready,WESA_S016_N7S_MLready,WESA_S016_N1S_MLready
WESA_S008_N14S_MLready,WESA_S029_N2S_MLready,WESA_S006_N11S_MLready,WESA_S006_N2S_MLready,WESA_S015_N1S_MLready,WESA_S016_N1S_MLready,WESA_S004_N8S_MLready,WESA_S037_N2S_MLready,WESA_S015_N2S_MLready,WESA_S016_N10S_MLready,WESA_S005_N5S_MLready,WESA_S042_N2S_MLready,WESA_S037_N2S_MLready,WESA_S005_N6S_MLready,WESA_S016_N1S_MLready,WESA_S016_N10S_MLready
WESA_S008_N7S_MLready,WESA_S016_N7S_MLready,WESA_S006_N6S_MLready,WESA_S004_N5S_MLready,WESA_S015_N2S_MLready,WESA_S016_N10S_MLready,WESA_S004_N3S_MLready,WESA_S005_N3S_MLready,WESA_S015_N14S_MLready,WESA_S016_N09S_MLready,WESA_S005_N12S_MLready,WESA_S006_N11S_MLready,WESA_S008_N4S_MLready,WESA_S005_N1S_MLready,WESA_S016_N10S_MLready,WESA_S016_N09S_MLready
WESA_S008_N3S_MLready,WESA_S016_N1S_MLready,WESA_S006_N4S_MLready,WESA_S004_N14S_MLready,WESA_S015_N14S_MLready,WESA_S016_N09S_MLready,WESA_S015_N4S_MLready,WESA_S005_N6S_MLready,WESA_S015_N06S_MLready,WESA_S016_N5S_MLready,WESA_S032_N1S_MLready,WESA_S006_N6S_MLready,WESA_S008_N14S_MLready,WESA_S005_N10S_MLready,WESA_S016_N09S_MLready,WESA_S016_N5S_MLready
WESA_S008_N10S_MLready,WESA_S016_N10S_MLready,WESA_S006_N13S_MLready,WESA_S004_N1S_MLready,WESA_S015_N06S_MLready,WESA_S016_N5S_MLready,WESA_S015_N1S_MLready,WESA_S005_N1S_MLready,WESA_S015_N9S_MLready,WESA_S016_N13S_MLready,WESA_S032_N2S_MLready,WESA_S006_N4S_MLready,WESA_S008_N7S_MLready,WESA_S005_N5S_MLready,WESA_S016_N5S_MLready,WESA_S016_N13S_MLready
WESA_S008_N1S_MLready,WESA_S016_N09S_MLready,WESA_S006_N2S_MLready,WESA_S004_N8S_MLready,WESA_S015_N9S_MLready,WESA_S016_N13S_MLready,WESA_S015_N2S_MLready,WESA_S005_N10S_MLready,WESA_S032_N1S_MLready,WESA_S005_N3S_MLready,WESA_S041_N2S_MLready,WESA_S006_N13S_MLready,WESA_S008_N3S_MLready,WESA_S005_N12S_MLready,WESA_S016_N13S_MLready,WESA_S008_N4S_MLready
WESA_S040_N2S_MLready,WESA_S016_N5S_MLready,WESA_S040_N2S_MLready,WESA_S004_N3S_MLready,WESA_S021_N1S_MLready,WESA_S037_N1S_MLready,WESA_S015_N14S_MLready,WESA_S005_N5S_MLready,WESA_S032_N2S_MLready,WESA_S005_N6S_MLready,WESA_S041_N1S_MLready,WESA_S006_N2S_MLready,WESA_S008_N10S_MLready,WESA_S006_N11S_MLready,WESA_S040_N2S_MLready,WESA_S008_N14S_MLready
WESA_S040_N1S_MLready,WESA_S016_N13S_MLready,WESA_S040_N1S_MLready,WESA_S029_N1S_MLready,WESA_S021_N2S_MLready,WESA_S037_N2S_MLready,WESA_S015_N06S_MLready,WESA_S005_N12S_MLready,WESA_S005_N3S_MLready,WESA_S005_N1S_MLready,WESA_S008_N4S_MLready,WESA_S037_N1S_MLready,WESA_S008_N1S_MLready,WESA_S006_N6S_MLready,WESA_S040_N1S_MLready,WESA_S008_N7S_MLready
WESA_S006_N11S_MLready,WESA_S004_N5S_MLready,WESA_S041_N2S_MLready,WESA_S029_N2S_MLready,WESA_S029_N1S_MLready,WESA_S029_N1S_MLready,WESA_S015_N9S_MLready,WESA_S027_N1S_MLready,WESA_S005_N6S_MLready,WESA_S005_N10S_MLready,WESA_S008_N14S_MLready,WESA_S037_N2S_MLready,WESA_S027_N1S_MLready,WESA_S006_N4S_MLready,WESA_S027_N1S_MLready,WESA_S008_N3S_MLready
WESA_S006_N6S_MLready,WESA_S004_N14S_MLready,WESA_S041_N1S_MLready,WESA_S016_N7S_MLready,WESA_S029_N2S_MLready,WESA_S029_N2S_MLready,WESA_S011_N7S_MLready,WESA_S027_N2S_MLready,WESA_S005_N1S_MLready,WESA_S005_N5S_MLready,WESA_S008_N7S_MLready,WESA_S011_N7S_MLready,WESA_S027_N2S_MLready,WESA_S006_N13S_MLready,WESA_S027_N2S_MLready,WESA_S008_N10S_MLready
WESA_S006_N4S_MLready,WESA_S004_N1S_MLready,WESA_S021_N1S_MLready,WESA_S016_N1S_MLready,WESA_S004_N5S_MLready,WESA_S027_N1S_MLready,WESA_S011_N3S_MLready,WESA_S006_N11S_MLready,WESA_S005_N10S_MLready,WESA_S005_N12S_MLready,WESA_S008_N3S_MLready,WESA_S011_N3S_MLready,WESA_S004_N5S_MLready,WESA_S006_N2S_MLready,WESA_S029_N1S_MLready,WESA_S008_N1S_MLready
,WESA_S004_N8S_MLready,WESA_S021_N2S_MLready,WESA_S016_N10S_MLready,WESA_S004_N14S_MLready,WESA_S027_N2S_MLready,,WESA_S006_N6S_MLready,WESA_S005_N5S_MLready,WESA_S008_N4S_MLready,WESA_S008_N10S_MLready,WESA_S011_N4S_MLready,WESA_S004_N14S_MLready,,WESA_S029_N2S_MLready,
,WESA_S004_N3S_MLready,,WESA_S016_N09S_MLready,WESA_S004_N1S_MLready,,,WESA_S006_N4S_MLready,WESA_S005_N12S_MLready,WESA_S008_N14S_MLready,WESA_S008_N1S_MLready,WESA_S011_N12S_MLready,WESA_S004_N1S_MLready,,WESA_S004_N5S_MLready,
,WESA_S011_N7S_MLready,,WESA_S016_N5S_MLready,WESA_S004_N8S_MLready,,,WESA_S006_N13S_MLready,,WESA_S008_N7S_MLready,WESA_S040_N2S_MLready,WESA_S027_N1S_MLready,WESA_S004_N8S_MLready,,WESA_S004_N14S_MLready,
,WESA_S011_N3S_MLready,,WESA_S016_N13S_MLready,WESA_S004_N3S_MLready,,,WESA_S006_N2S_MLready,,WESA_S008_N3S_MLready,WESA_S040_N1S_MLready,WESA_S027_N2S_MLready,WESA_S004_N3S_MLready,,WESA_S004_N1S_MLready,
